period,line,amount,source,evidence_level,note
2026-01,Выручка,1000000,управленческий P&L,заявлено,сверить с банком
2026-01,Себестоимость,600000,управленческий P&L,заявлено,сверить с закупками
2026-01,Валовая прибыль,400000,расчёт,расчёт,выручка - себестоимость
2026-01,ФОТ,150000,1С,подтверждено,сверить с ведомостями
2026-01,Аренда,50000,договор,подтверждено,сверить с выпиской
2026-01,Маркетинг,30000,управленческий P&L,заявлено,сверить с расходами
2026-01,Операционная прибыль,170000,расчёт,расчёт,валовая - операционные
2026-01,Налоги,40000,1С,подтверждено,сверить с декларацией
2026-01,Чистая прибыль,130000,расчёт,расчёт,операционная - налоги
